Task	Time
Mind	1.732691764831543
Heterozygosity_Rate	3.3474931716918945
