Task	Time
Plink2QC	1.3974807262420654
Reindex_QC	0.5567164421081543
