Task	Time
Flip Correction	1160.172595024109
Indexing	0.5991861820220947
Annotation	7.46144962310791
