Task	Time
Kinship_prunning	1.8978495597839355
Extracting prunned	0.20637249946594238
Kinship	6.919371604919434
Relatedeness filter	0.006144523620605469
